{"cameraMode":{"drawMode":0,"name":"Shaded","section":"Shading Mode"},"sceneLighting":false,"audioPlay":false,"sceneViewState":{"m_AlwaysRefresh":false,"showFog":true,"showSkybox":false,"showFlares":true,"showImageEffects":true,"showParticleSystems":true,"showVisualEffectGraphs":true,"m_FxEnabled":true},"in2DMode":false,"pivot":{"x":1.2611820697784424,"y":-2.4725446701049806,"z":-0.44366225600242617},"rotation":{"x":-0.08630841970443726,"y":-0.11511025577783585,"z":0.010040279477834702,"w":-0.9895474910736084},"size":0.36867719888687136,"orthographic":false}