{"cameraMode":{"drawMode":2,"name":"Shaded Wireframe","section":"Shading Mode"},"sceneLighting":true,"audioPlay":false,"sceneViewState":{"m_AlwaysRefresh":false,"showFog":true,"showSkybox":true,"showFlares":true,"showImageEffects":true,"showParticleSystems":true,"showVisualEffectGraphs":true,"m_FxEnabled":true},"in2DMode":false,"pivot":{"x":-1.0278735160827637,"y":0.7758160829544067,"z":1.2322700023651124},"rotation":{"x":0.16576611995697022,"y":-0.25564488768577578,"z":0.04454147815704346,"w":0.9514132142066956},"size":2.9660253524780275,"orthographic":false}