{"cameraMode":{"drawMode":0,"name":"Shaded","section":"Shading Mode"},"sceneLighting":false,"audioPlay":false,"sceneViewState":{"m_AlwaysRefresh":false,"showFog":true,"showSkybox":false,"showFlares":true,"showImageEffects":true,"showParticleSystems":true,"showVisualEffectGraphs":true,"m_FxEnabled":true},"in2DMode":false,"pivot":{"x":0.2962166666984558,"y":0.5212461948394775,"z":0.2597707509994507},"rotation":{"x":-0.45380842685699465,"y":-0.2190065234899521,"z":0.11610874533653259,"w":-0.8559476733207703},"size":1.523047685623169,"orthographic":false}