{"cameraMode":{"drawMode":0,"name":"Shaded","section":"Shading Mode"},"sceneLighting":false,"audioPlay":false,"sceneViewState":{"m_AlwaysRefresh":false,"showFog":true,"showSkybox":false,"showFlares":true,"showImageEffects":true,"showParticleSystems":true,"showVisualEffectGraphs":true,"m_FxEnabled":true},"in2DMode":false,"pivot":{"x":0.7120044827461243,"y":0.9696968793869019,"z":0.8771601319313049},"rotation":{"x":-0.16663119196891786,"y":0.3952861428260803,"z":-0.07315322011709213,"w":-0.9003584980964661},"size":0.1265506148338318,"orthographic":false}